prestation_id,nombre_classes,nombre_lieux,nombre_apprenants,taille_moyenne_classe,lieux_par_classe,proportion_femmes,region,fenetre,score_performance_pomp,prestataire_groupe,nombre_reponses
11100,1,1,28,28.0,1.0,0.39285714285714285,SUD,3,78.92156862745097,6E41FAE538344F55,17
11101,1,1,13,13.0,1.0,0.6153846153846154,SUD-OUEST,3,78.7037037037037,FB573A5CA21D2FF8,12
11103,1,1,15,15.0,1.0,0.6666666666666666,SUD-OUEST,3,83.70370370370368,AFC869AADD4F35FA,15
11104,1,1,10,10.0,1.0,0.6,SUD-OUEST,3,83.33333333333333,AFC869AADD4F35FA,10
11105,4,1,100,25.0,0.25,2.0,CENTRE,3,77.17717717717716,D1EB5AB004D61631,74
11107,1,1,21,21.0,1.0,0.0,OUEST,2,77.08333333333333,76D23CA53661A1FF,16
11108,16,13,500,31.25,0.8125,0.4,CENTRE,3,78.4942680776014,B456C40FE8521FD0,252
11109,2,1,300,150.0,0.5,1.0,CENTRE,3,79.44444444444446,855038034EB12073,25
11110,10,10,300,30.0,1.0,0.5,ADAMAOUA,3,81.06656184486371,0B666E198D03E2A7,212
11111,10,10,300,30.0,1.0,0.5,LITTORAL,3,78.4652076318743,0B666E198D03E2A7,198
11112,1,1,20,20.0,1.0,0.4,LITTORAL,3,85.96491228070175,0B666E198D03E2A7,19
11113,2,1,60,30.0,0.5,0.5,CENTRE,3,85.6060606060606,9E5B0DDF2179601E,33
11114,11,4,300,27.272727272727273,0.36363636363636365,0.0,CENTRE,2,82.34310699588477,129468D663D3BAB3,216
11115,13,1,200,15.384615384615385,0.07692307692307693,0.3,NORD,3,76.22100122100122,2CB95C44BFF8605F,91
11117,1,1,60,60.0,1.0,0.25,EST,3,68.22916666666666,322B4CD6497FE0AA,16
11118,2,1,35,17.5,0.5,0.5142857142857142,SUD-OUEST,3,79.10628019323671,4795BF66FBB8B51E,23
11119,4,1,240,60.0,0.25,1.0,CENTRE,3,76.49342891278374,FA38805EA2FBD1BB,93
11120,2,1,50,25.0,0.5,0.14,CENTRE,3,73.6111111111111,6FB537DF36D5A084,20
11122,1,1,30,30.0,1.0,0.0,CENTRE,2,77.52525252525251,F8A8FCDB3AF42260,11
11123,2,1,30,15.0,0.5,0.6333333333333333,EST,3,78.96825396825395,072D38F35D54FF15,21
11125,20,2,600,30.0,0.1,0.3333333333333333,EXTRÊME-NORD,3,75.57471264367817,249CA3DB583629DD,348
11126,2,1,0,0.0,0.5,,LITTORAL,3,64.88888888888889,7D69B6D457AF36FC,25
11127,4,1,105,26.25,0.25,0.047619047619047616,EXTRÊME-NORD,3,69.78557504873294,249CA3DB583629DD,57
11130,3,1,90,30.0,0.3333333333333333,1.0,EXTRÊME-NORD,3,74.43019943019942,249CA3DB583629DD,39
11142,1,1,60,60.0,1.0,0.5,EST,3,70.13888888888889,322B4CD6497FE0AA,24
11143,1,1,30,30.0,1.0,0.6666666666666666,SUD-OUEST,3,71.75925925925925,ED547820721938B6,12
11144,1,1,21,21.0,1.0,0.9523809523809523,CENTRE,3,82.63888888888889,31A0999EEABE92B1,12
11147,2,1,140,70.0,0.5,1.0,EXTRÊME-NORD,3,74.40476190476191,855038034EB12073,42
11148,1,1,30,30.0,1.0,0.26666666666666666,OUEST,3,89.62962962962962,855038034EB12073,15
11149,1,1,30,30.0,1.0,1.2666666666666666,CENTRE,3,60.68376068376069,DB212033C6450425,26
11150,1,1,150,150.0,1.0,0.35333333333333333,CENTRE,3,77.29700854700855,6FB537DF36D5A084,104
11152,1,1,30,30.0,1.0,0.0,OUEST,2,78.95299145299144,90B1823B30FBBD4F,26
11154,2,1,60,30.0,0.5,0.9166666666666666,OUEST,3,64.41798941798942,FB32E495040F62C7,21
11155,1,1,30,30.0,1.0,0.36666666666666664,CENTRE,3,77.95138888888889,6FB537DF36D5A084,16
11156,4,3,90,22.5,0.75,0.0,EXTRÊME-NORD,2,70.11494252873563,249CA3DB583629DD,29
11157,3,1,60,20.0,0.3333333333333333,0.0,EXTRÊME-NORD,2,77.00617283950618,249CA3DB583629DD,18
11160,1,1,28,28.0,1.0,0.39285714285714285,CENTRE,3,79.59401709401708,B456C40FE8521FD0,26
11161,4,1,0,0.0,0.25,,EXTRÊME-NORD,3,69.88888888888889,21A9114872ACF236,25
11164,1,1,18,18.0,1.0,0.8333333333333334,SUD,3,77.49999999999999,8D29CC27BB635BC8,10
11165,1,1,13,13.0,1.0,0.6153846153846154,SUD,3,74.24242424242424,8D29CC27BB635BC8,11
11166,1,1,20,20.0,1.0,1.0,SUD,3,64.16666666666666,8D29CC27BB635BC8,10
11167,1,1,30,30.0,1.0,0.6,SUD,3,69.88888888888889,8D29CC27BB635BC8,25
11169,6,1,500,83.33333333333333,0.16666666666666666,0.0,CENTRE,2,77.86835748792271,C8ADA2FE23C3C083,92
11170,1,1,60,60.0,1.0,0.4666666666666667,SUD-OUEST,3,61.342592592592595,ED547820721938B6,12
11171,1,1,35,35.0,1.0,0.42857142857142855,SUD-OUEST,3,73.33333333333331,ED547820721938B6,10
11172,1,1,50,50.0,1.0,0.16,SUD-OUEST,3,70.29914529914531,ED547820721938B6,13
11173,1,1,120,120.0,1.0,0.5416666666666666,SUD-OUEST,3,65.94650205761316,ED547820721938B6,27
11175,3,1,71,23.666666666666668,0.3333333333333333,0.4084507042253521,SUD-OUEST,3,78.08641975308642,ED547820721938B6,45
11177,2,1,0,0.0,0.5,,SUD-OUEST,3,69.59876543209877,1136691226FFE8A9,18
11178,1,1,30,30.0,1.0,0.5,SUD-OUEST,3,82.57575757575759,4795BF66FBB8B51E,11
11180,1,1,30,30.0,1.0,0.4,SUD-OUEST,3,71.42857142857143,ED547820721938B6,28
11181,3,1,64,21.333333333333332,0.3333333333333333,0.390625,SUD-OUEST,3,71.5432098765432,ED547820721938B6,45
11182,1,1,60,60.0,1.0,0.5,CENTRE,3,91.66666666666667,6FB537DF36D5A084,15
11183,1,1,30,30.0,1.0,0.0,EST,2,79.76190476190477,FD8ACC87514C6EDB,21
11184,2,1,50,25.0,0.5,0.5,CENTRE,3,72.4867724867725,6FB537DF36D5A084,21
11185,3,1,63,21.0,0.3333333333333333,0.6349206349206349,CENTRE,3,76.24521072796935,6FB537DF36D5A084,29
11187,1,1,30,30.0,1.0,0.0,CENTRE,2,72.22222222222221,70AA1A8297F235A0,22
11189,5,3,155,31.0,0.6,0.4,CENTRE,3,64.14609053497942,78301BA6F64EF052,54
11191,3,1,93,31.0,0.3333333333333333,0.06451612903225806,EXTRÊME-NORD,3,78.01932367149757,A52CF1F79AE2B041,46
11193,1,1,20,20.0,1.0,0.25,EXTRÊME-NORD,3,78.64583333333333,A52CF1F79AE2B041,16
11194,2,1,40,20.0,0.5,0.375,EXTRÊME-NORD,3,67.4074074074074,A52CF1F79AE2B041,15
11195,1,1,30,30.0,1.0,0.5,EXTRÊME-NORD,3,70.72649572649573,A52CF1F79AE2B041,13
11196,4,1,430,107.5,0.25,0.0,LITTORAL,2,79.7222222222222,FA712F73BC78ABE2,20
11197,4,1,140,35.0,0.25,0.0,LITTORAL,2,74.50396825396825,FEAA71212870E89C,56
11198,1,1,0,0.0,1.0,,EXTRÊME-NORD,3,86.52777777777776,E33A6534FFA92396,20
11200,1,1,0,0.0,1.0,,LITTORAL,2,71.89542483660131,2E6D26A62425CBDE,17
11201,1,1,30,30.0,1.0,0.0,LITTORAL,2,74.25925925925925,37904FD717A19AF8,15
11202,2,1,40,20.0,0.5,1.0,CENTRE,3,80.27777777777776,6FB537DF36D5A084,20
11203,1,1,30,30.0,1.0,0.0,LITTORAL,2,74.18300653594771,37904FD717A19AF8,17
11204,1,1,67,67.0,1.0,0.5671641791044776,CENTRE,3,74.44444444444443,31A0999EEABE92B1,10
11205,2,1,236,118.0,0.5,0.5423728813559322,EST,3,70.60931899641577,A97592DD45C4D961,31
11212,1,1,30,30.0,1.0,0.6,EST,3,77.08333333333333,A97592DD45C4D961,28
11219,2,1,45,22.5,0.5,0.0,LITTORAL,2,77.77777777777777,D640806331864028,38
